GUID,Accession number,Identifier,Birthday,Gender,Address,Phone,First Name,Last Name
NYCU01-D3BRR4NJ,123456,A118450275,1980-05-15,Male,123 Main St,123-456-7890,John,Smith
NYCU01-4RBGGF7M,234567,A144097226,1985-09-22,Female,456 Elm St,234-567-8901,Emily,Johnson
NYCU01-4GNHRF4J,345678,A163395210,1992-03-10,Male,789 Oak St,345-678-9012,Michael,Williams
NYCU01-PM8GN3CH,456789,E160971212,1978-11-05,Female,101 Pine St,456-789-0123,Amy,Davis
NYCU01-TPMVLP4A,567890,J135443852,1990-07-19,Male,202 Maple St,567-890-1234,David,Brown
NYCU01-YK2GYM49,678901,J113405661,1982-01-30,Female,303 Cedar St,678-901-2345,Linda,Miller
NYCU01-6FMLH3HF,789012,J120697446,1987-06-25,Male,404 Birch St,789-012-3456,Christopher,Moore
NYCU01-4ETR93W7,890123,J161118919,1975-12-12,Female,505 Walnut St,890-123-4567,Susan,Clark
NYCU01-23UTQCXR,901234,O197467102,1989-08-08,Male,606 Spruce St,901-234-5678,Matthew,Young
NYCU01-YF21AQ9B,012345,O195507292,1984-04-03,Female,707 Chestnut St,012-345-6789,Amanda,Hall
